step, error
0, 0.19198
1, 0.197301
2, 0.198082
3, 0.207453
4, 0.188966
5, 0.206409
6, 0.203437
7, 0.199026
8, 0.209761
