step, error
0, 3.71955
1, 3.59681
2, 3.58457
3, 3.53762
4, 3.57918
5, 3.58065
6, 3.5261
7, 3.5435
8, 3.50535
9, 3.57921
