step, error
0, 0.358034
1, 0.358593
2, 0.330072
